ss_mean,ss_scale
1.590679964,0.06250762290919967
232.36470258799997,45.171060729138915
1264.07775955,85.954978185125
